{
  "version": "v4",
  "repo": "borisyankov/DefinitelyTyped",
  "ref": "master",
  "path": "typings",
  "bundle": "typings/tsd.d.ts",
  "installed": {
    "jasmine/jasmine.d.ts": {
      "commit": "fa04c80f4a889613b96cb4f283848c61a9f64233"
    },
    "flux/flux.d.ts": {
      "commit": "fa04c80f4a889613b96cb4f283848c61a9f64233"
    },
    "node/node.d.ts": {
      "commit": "fa04c80f4a889613b96cb4f283848c61a9f64233"
    },
    "react/react.d.ts": {
      "commit": "fa04c80f4a889613b96cb4f283848c61a9f64233"
    },
    "react/react-dom.d.ts": {
      "commit": "fa04c80f4a889613b96cb4f283848c61a9f64233"
    },
    "react/react-addons-test-utils.d.ts": {
      "commit": "fa04c80f4a889613b96cb4f283848c61a9f64233"
     }
  }
}
